{"actors": [50.83145035163114, 64.30185048110215, 50.71985000546151], "MV_SP": [794.8029351838466, 3026.8910995935557, 1.7168119711709156], "sim_cnt": 131}