{"sensors":[391.91411429579114,543.38427395659,673.08096061499941,673.32203856400315,809.307704437962,1704.7683399450555,9524.6223701610288,211.04308721906958,24.900253517082263,26.700254301560854,0.3257310603888024],"sim_cnt":131}