{"actors": [51.36318341290655, 43.809172690254734, 45.16825248104972], "MV_SP": [795.183871806912, 3027.327671397706, 1.7178040996483912], "sim_cnt": 26}