{"sensors":[392.368294291352,552.248014712886,677.38676401127407,672.46758301075192,673.00233686374088,1607.90130658555,9526.0273017032487,107.22545801812372,24.914640820230009,26.714641604708603,0.16595725743139744],"sim_cnt":25}