{"sensors":[3082.2543563962508,69.724664532263844,3538.6797634291938,391.91411429579114],"sim_cnt":131}