{"actors": 37.972341254697966, "MV_SP": [795.183871806912, 3027.327671397706, 1.7178040996483912], "sim_cnt": 26}