{"actors": 38.11749343741013, "MV_SP": [794.8029351838466, 3026.8910995935557, 1.7168119711709156], "sim_cnt": 131}