{"sensors":[3058.8664489425391,69.18609959761956,3559.7194544826471,392.368294291352],"sim_cnt":25}